id,name,legal_name,website,category,org_nr,office_in_norway,office_cities,security_staff,security_staff_basis,security_staff_is_minimum,security_staff_scope,security_staff_source,security_staff_note,employees_total,employees_source,employees_note,employees_as_of,brreg_employees,brreg_employees_as_of,delivery,delivery_source,delivery_note,specialty,capabilities,certifications,founded,former_names,notes,verification,last_verified,verified_by,sources
mnemonic,Mnemonic,MNEMONIC AS,https://www.mnemonic.no,norwegian,982089549,true,Oslo,391,estimate,true,whole-company,https://github.com/whatsdd/Cybersecurity-companies-Norway/blob/main/docs/methodology.md#guarded-estimates,"Guarded estimate by the list maintainer (@whatsdd) and not published by the company: the headcount this entity filed with Enhetsregisteret, which is a security-only business, so the whole payroll is security work. It is the entity's headcount rather than a measured split, which is why it is an estimate and a floor.",,,,,391,2026-09-14,in-house,https://www.mnemonic.no,Delivery model recorded from the company's own description of how it staffs the work.,"Independent Norwegian security house: offensive testing, 24/7 MDR and threat intelligence.",penetration-testing; red-teaming; vulnerability-assessment; soc; incident-response; threat-intelligence; threat-hunting; malware-analysis; digital-forensics; vciso; security-architecture; ot-ics-security; security-training,,2000-05-05,,,verified,2026-09-22,@whatsdd,"https://data.brreg.no/enhetsregisteret/api/enheter/982089549 (registry, 2026-09-22); https://ahmad.science/2025/05/06/50-selskaper-som-tilbyr-sikkerhetstesting-pentest-i-norge-2025-utgaven/ (seed-list, 2026-09-22); https://ahmad.science/2023/02/24/33-pentest-firma-i-norge-sikkerhetstesting-inntrengingstesting/ (seed-list, 2026-09-22); https://www.mnemonic.no (company-site, 2026-09-22); https://github.com/whatsdd/Cybersecurity-companies-Norway/blob/main/docs/methodology.md#guarded-estimates (estimate, 2026-09-22)"
netsecurity,Netsecurity,NETSECURITY AS,https://www.netsecurity.no,norwegian,993856886,true,Oslo,172,estimate,true,whole-company,https://github.com/whatsdd/Cybersecurity-companies-Norway/blob/main/docs/methodology.md#guarded-estimates,"Guarded estimate by the list maintainer (@whatsdd) and not published by the company: the headcount this entity filed with Enhetsregisteret, which is a security-only business, so the whole payroll is security work. It is the entity's headcount rather than a measured split, which is why it is an estimate and a floor.",170,https://www.netsecurity.no/om-oss,"stated as ""170+ ansatte"" across 7 offices",2026-09-22,172,2026-09-14,in-house,https://www.netsecurity.no,Delivery model recorded from the company's own description of how it staffs the work.,Norwegian security house with one of the largest SOCs in the Nordics and its own red team.,soc; incident-response; red-teaming; penetration-testing; threat-intelligence; threat-hunting; vulnerability-assessment; digital-forensics; vciso,ISO 27001; NSM-approved incident response,2009-02-24,1-NET SECURITY AS,Registry history: 1-NET SECURITY AS -> NETSECURITY AS.,verified,2026-09-22,@whatsdd,"https://data.brreg.no/enhetsregisteret/api/enheter/993856886 (registry, 2026-09-22); https://ahmad.science/2025/05/06/50-selskaper-som-tilbyr-sikkerhetstesting-pentest-i-norge-2025-utgaven/ (seed-list, 2026-09-22); https://ahmad.science/2023/02/24/33-pentest-firma-i-norge-sikkerhetstesting-inntrengingstesting/ (seed-list, 2026-09-22); https://www.netsecurity.no (company-site, 2026-09-22); https://github.com/whatsdd/Cybersecurity-companies-Norway/blob/main/docs/methodology.md#guarded-estimates (estimate, 2026-09-22)"
defendable,Defendable,DEFENDABLE AS,https://www.defendable.no,norwegian,925880140,true,Oslo,95,estimate,true,whole-company,https://github.com/whatsdd/Cybersecurity-companies-Norway/blob/main/docs/methodology.md#guarded-estimates,"Guarded estimate by the list maintainer (@whatsdd) and not published by the company: the headcount this entity filed with Enhetsregisteret, which is a security-only business, so the whole payroll is security work. It is the entity's headcount rather than a measured split, which is why it is an estimate and a floor.",100,https://www.defendable.no/about,"stated as ""around 100 people across Norway""",2026-09-22,95,2026-08-11,in-house,https://www.defendable.no,Delivery model recorded from the company's own description of how it staffs the work.,"Norwegian MDR and incident response house, spun out of BDO Cybersecurity.",soc; incident-response; threat-intelligence; vulnerability-assessment; digital-forensics; tabletop-exercises; security-training; vciso,ISO 27001,2020-09-29,BESEC AS,Registry history: BESEC AS -> DEFENDABLE AS. The company was spun out of BDO Cybersecurity and launched as an independent company in 2021.,verified,2026-09-22,@whatsdd,"https://data.brreg.no/enhetsregisteret/api/enheter/925880140 (registry, 2026-09-22); https://ahmad.science/2025/05/06/50-selskaper-som-tilbyr-sikkerhetstesting-pentest-i-norge-2025-utgaven/ (seed-list, 2026-09-22); https://ahmad.science/2023/02/24/33-pentest-firma-i-norge-sikkerhetstesting-inntrengingstesting/ (seed-list, 2026-09-22); https://www.defendable.no (company-site, 2026-09-22); https://github.com/whatsdd/Cybersecurity-companies-Norway/blob/main/docs/methodology.md#guarded-estimates (estimate, 2026-09-22)"
telenor-cyberdefence,Telenor Cyberdefence,TELENOR CYBERDEFENCE AS,https://www.telenorcyberdefence.com,norwegian,932975424,true,Fornebu,88,estimate,true,whole-company,https://github.com/whatsdd/Cybersecurity-companies-Norway/blob/main/docs/methodology.md#guarded-estimates,"Guarded estimate by the list maintainer (@whatsdd) and not published by the company: the headcount this entity filed with Enhetsregisteret, which is a security-only business, so the whole payroll is security work. It is the entity's headcount rather than a measured split, which is why it is an estimate and a floor.",,,,,88,2026-09-14,in-house,https://www.telenorcyberdefence.com,Delivery model recorded from the company's own description of how it staffs the work.,"Telenor's security company: 24/7 SOC, incident response, testing and threat intelligence.",soc; incident-response; threat-intelligence; penetration-testing; red-teaming; vulnerability-assessment; ot-ics-security; tabletop-exercises,,2024-01-01,NFH 240157 AS; TELENOR CYBERDEFENSE AS,"Listed as ""Watchcom (now Telenor Cyberdefence)"". Telenor acquired Watchcom, and this entity carries the rename history TELENOR CYBERDEFENSE AS -> TELENOR CYBERDEFENCE AS.",verified,2026-09-22,@whatsdd,"https://data.brreg.no/enhetsregisteret/api/enheter/932975424 (registry, 2026-09-22); https://ahmad.science/2025/05/06/50-selskaper-som-tilbyr-sikkerhetstesting-pentest-i-norge-2025-utgaven/ (seed-list, 2026-09-22); https://ahmad.science/2023/02/24/33-pentest-firma-i-norge-sikkerhetstesting-inntrengingstesting/ (seed-list, 2026-09-22); https://www.telenorcyberdefence.com (company-site, 2026-09-22); https://github.com/whatsdd/Cybersecurity-companies-Norway/blob/main/docs/methodology.md#guarded-estimates (estimate, 2026-09-22)"
promon,Promon,PROMON AS,https://www.promon.no,norwegian,989480138,true,Oslo,75,estimate,true,whole-company,https://github.com/whatsdd/Cybersecurity-companies-Norway/blob/main/docs/methodology.md#guarded-estimates,"Guarded estimate by the list maintainer (@whatsdd) and not published by the company: the headcount this entity filed with Enhetsregisteret, which is a security-only business, so the whole payroll is security work. It is the entity's headcount rather than a measured split, which is why it is an estimate and a floor.",,,,,75,2026-08-12,in-house,https://www.promon.no,Delivery model recorded from the company's own description of how it staffs the work.,"Application hardening and mobile security house: app shielding, code review and testing.",application-security; mobile-security; code-review; penetration-testing; security-architecture,,2006-01-11,,,verified,2026-09-22,@whatsdd,"https://data.brreg.no/enhetsregisteret/api/enheter/989480138 (registry, 2026-09-22); https://ahmad.science/2025/05/06/50-selskaper-som-tilbyr-sikkerhetstesting-pentest-i-norge-2025-utgaven/ (seed-list, 2026-09-22); https://ahmad.science/2023/02/24/33-pentest-firma-i-norge-sikkerhetstesting-inntrengingstesting/ (seed-list, 2026-09-22); https://www.promon.no (company-site, 2026-09-22); https://github.com/whatsdd/Cybersecurity-companies-Norway/blob/main/docs/methodology.md#guarded-estimates (estimate, 2026-09-22)"
sicra,Sicra,SICRA AS,https://sicra.no,norwegian,932538067,true,Oslo,54,estimate,true,whole-company,https://github.com/whatsdd/Cybersecurity-companies-Norway/blob/main/docs/methodology.md#guarded-estimates,"Guarded estimate by the list maintainer (@whatsdd) and not published by the company: the headcount this entity filed with Enhetsregisteret, which is a security-only business, so the whole payroll is security work. It is the entity's headcount rather than a measured split, which is why it is an estimate and a floor.",,,,,54,2026-09-14,in-house,https://sicra.no,,Norwegian IT operations house with a SOC service for monitoring and response.,soc; incident-response; cloud-security; network-security; compliance,,2023-11-07,WR START UP 540 AS; SICRA 2 AS,,verified,2026-09-22,@whatsdd,"https://sicra.no (company-site, 2026-09-22); https://data.brreg.no/enhetsregisteret/api/enheter/932538067 (registry, 2026-09-22); https://github.com/whatsdd/Cybersecurity-companies-Norway/blob/main/docs/methodology.md#guarded-estimates (estimate, 2026-09-22)"
nlogic,nLogic,NLOGIC AS,https://www.nlogic.no,norwegian,821678102,true,Oslo,49,estimate,true,whole-company,https://github.com/whatsdd/Cybersecurity-companies-Norway/blob/main/docs/methodology.md#guarded-estimates,"Guarded estimate by the list maintainer (@whatsdd) and not published by the company: the headcount this entity filed with Enhetsregisteret, which is a security-only business, so the whole payroll is security work. It is the entity's headcount rather than a measured split, which is why it is an estimate and a floor.",,,,,49,2026-09-14,in-house,https://www.nlogic.no,,Norwegian cloud and security provider with 24/7 monitoring and incident response.,soc; incident-response; cloud-security; network-security; backup-recovery; compliance,,2018-09-25,NLOGIC II AS,,verified,2026-09-22,@whatsdd,"https://www.nlogic.no (company-site, 2026-09-22); https://data.brreg.no/enhetsregisteret/api/enheter/821678102 (registry, 2026-09-22); https://github.com/whatsdd/Cybersecurity-companies-Norway/blob/main/docs/methodology.md#guarded-estimates (estimate, 2026-09-22)"
orange-cyberdefense,Orange Cyberdefense,ORANGE CYBERDEFENSE NORWAY AS,https://www.orangecyberdefense.com/no,nordic,981548280,true,Lysaker,43,estimate,true,whole-company,https://github.com/whatsdd/Cybersecurity-companies-Norway/blob/main/docs/methodology.md#guarded-estimates,"Guarded estimate by the list maintainer (@whatsdd) and not published by the company: the headcount this entity filed with Enhetsregisteret, which is a security-only business, so the whole payroll is security work. It is the entity's headcount rather than a measured split, which is why it is an estimate and a floor.",,,,,43,2026-06-13,in-house,https://www.orangecyberdefense.com/no,Delivery model recorded from the company's own description of how it staffs the work.,"European security provider with a Norwegian SOC, incident response and pentest team.",soc; incident-response; penetration-testing; red-teaming; vulnerability-assessment; threat-intelligence; digital-forensics; vciso,ISO 27001,2000-02-01,GATEWAY SECURITY AS; SECURELINK NORWAY AS,Registry history: SECURELINK NORWAY AS -> GATEWAY SECURITY AS -> ORANGE CYBERDEFENSE NORWAY AS.,verified,2026-09-22,@whatsdd,"https://data.brreg.no/enhetsregisteret/api/enheter/981548280 (registry, 2026-09-22); https://ahmad.science/2025/05/06/50-selskaper-som-tilbyr-sikkerhetstesting-pentest-i-norge-2025-utgaven/ (seed-list, 2026-09-22); https://ahmad.science/2023/02/24/33-pentest-firma-i-norge-sikkerhetstesting-inntrengingstesting/ (seed-list, 2026-09-22); https://www.orangecyberdefense.com/no (company-site, 2026-09-22); https://github.com/whatsdd/Cybersecurity-companies-Norway/blob/main/docs/methodology.md#guarded-estimates (estimate, 2026-09-22)"
experis,Experis,EXPERIS AS,https://www.experis.no,norwegian,982683955,true,Oslo,40,estimate,true,security-only,https://github.com/whatsdd/Cybersecurity-companies-Norway/blob/main/docs/methodology.md#guarded-estimates,"In-house security staff: 40 or more, across the consultancy's security disciplines. Guarded estimate by the list maintainer, who works at Experis, and not published by the company. It supersedes the narrower first-hand count of four penetration testers carried by the pentest editions.",700,https://www.experis.no,"stated as ""more than 700 consultants and partners""",2026-09-22,402,2026-09-14,in-house,https://www.experis.no,Delivery model recorded from the company's own description of how it staffs the work.,"IT consultancy whose security unit covers testing, training and ISO 27001 work.",penetration-testing; security-training; compliance; risk-management; identity-access-management,,2000-11-02,ELAN COMPUTING AS; ELAN IT RESOURCE AS,"Registry history: ELAN COMPUTING AS -> ELAN IT RESOURCE AS -> EXPERIS AS. The in-house security staff figure is a guarded estimate by the maintainer, who works at Experis: 40 or more across the security disciplines, which supersedes the four penetration testers counted first-hand in the pentest editions. The company publishes no security staff figure.",verified,2026-09-22,@whatsdd,"https://data.brreg.no/enhetsregisteret/api/enheter/982683955 (registry, 2026-09-22); https://ahmad.science/2025/05/06/50-selskaper-som-tilbyr-sikkerhetstesting-pentest-i-norge-2025-utgaven/ (seed-list, 2026-09-22); https://ahmad.science/2023/02/24/33-pentest-firma-i-norge-sikkerhetstesting-inntrengingstesting/ (seed-list, 2026-09-22); https://www.experis.no (company-site, 2026-09-22); https://github.com/whatsdd/Cybersecurity-companies-Norway/blob/main/docs/methodology.md#guarded-estimates (estimate, 2026-09-22)"
gritera,Gritera Security,GRITERA SECURITY AS,https://gritera.com/,norwegian,832332402,true,Oslo,31,estimate,true,whole-company,https://github.com/whatsdd/Cybersecurity-companies-Norway/blob/main/docs/methodology.md#guarded-estimates,"In-house security staff: 31 or more. Guarded estimate by the list maintainer, not published by the company: the headcount this entity filed with Enhetsregisteret, whose registered purpose is information security services only, so the whole payroll is security work.",,,,,31,2026-09-14,in-house,https://gritera.com/en/about-us/,"The company describes its own advisers as the ones doing the work, and names them on the service pages.","Information security advisory house: security governance and GRC, identity and access management, technical security, and crisis management.",risk-management; compliance; nis2-dora; identity-access-management; security-architecture; crisis-management,,2023-10-04,,"Part of the Gritera group, alongside Gritera Advisory, Analytics and Quality; this is the entity that sells the security work, which is what makes its registry headcount usable as a guarded estimate.",verified,2026-09-22,@whatsdd,"https://gritera.com/en/services/information-security/ (company-site, 2026-09-22); https://gritera.com/en/about-us/ (company-site, 2026-09-22); https://data.brreg.no/enhetsregisteret/api/enheter/832332402 (registry, 2026-09-22); https://github.com/whatsdd/Cybersecurity-companies-Norway/blob/main/docs/methodology.md#guarded-estimates (estimate, 2026-09-22)"
ivolv,Ivolv,IVOLV AS,https://ivolv.no,norwegian,927371022,true,Stavanger,24,estimate,true,whole-company,https://github.com/whatsdd/Cybersecurity-companies-Norway/blob/main/docs/methodology.md#guarded-estimates,"Guarded estimate by the list maintainer (@whatsdd) and not published by the company: the headcount this entity filed with Enhetsregisteret, which is a security-only business, so the whole payroll is security work. It is the entity's headcount rather than a measured split, which is why it is an estimate and a floor.",,,,,24,2026-09-14,in-house,https://ivolv.no,,Rogaland IT and cyber security house: managed security services and advisory.,soc; incident-response; cloud-security; network-security; compliance; penetration-testing,,2021-06-14,,,verified,2026-09-22,@whatsdd,"https://ivolv.no (company-site, 2026-09-22); https://data.brreg.no/enhetsregisteret/api/enheter/927371022 (registry, 2026-09-22); https://github.com/whatsdd/Cybersecurity-companies-Norway/blob/main/docs/methodology.md#guarded-estimates (estimate, 2026-09-22)"
triple-s,Triple-S,TRIPLE-S AS,https://www.triple-s.no,norwegian,958971184,true,Oslo,23,estimate,true,whole-company,https://github.com/whatsdd/Cybersecurity-companies-Norway/blob/main/docs/methodology.md#guarded-estimates,"Guarded estimate by the list maintainer (@whatsdd) and not published by the company: the headcount this entity filed with Enhetsregisteret, which is a security-only business, so the whole payroll is security work. It is the entity's headcount rather than a measured split, which is why it is an estimate and a floor.",,,,,23,2026-05-12,in-house,https://www.triple-s.no,,Small specialist house for industrial control system and OT security.,ot-ics-security; network-security; risk-management; security-architecture; vulnerability-assessment,,1990-11-02,TRIPLE-S AS INDUSTRY AUTOMATION; TRIPLE-S AS; GOODTECH PRODUCTS AS,,verified,2026-09-22,@whatsdd,"https://www.triple-s.no (company-site, 2026-09-22); https://data.brreg.no/enhetsregisteret/api/enheter/958971184 (registry, 2026-09-22); https://github.com/whatsdd/Cybersecurity-companies-Norway/blob/main/docs/methodology.md#guarded-estimates (estimate, 2026-09-22)"
agenda-risk,Agenda Risk,AGENDA RISK AS,https://www.agendarisk.no,norwegian,925206636,true,Oslo,18,estimate,true,whole-company,https://github.com/whatsdd/Cybersecurity-companies-Norway/blob/main/docs/methodology.md#guarded-estimates,"Guarded estimate by the list maintainer (@whatsdd) and not published by the company: the headcount this entity filed with Enhetsregisteret, which is a security-only business, so the whole payroll is security work. It is the entity's headcount rather than a measured split, which is why it is an estimate and a floor.",,,,,18,2026-09-14,in-house,https://www.agendarisk.no,Delivery model recorded from the company's own description of how it staffs the work.,"Risk and security advisory: management systems, audits, forensics and compliance.",risk-management; compliance; security-audit; digital-forensics; privacy-gdpr; nis2-dora; vciso,,2020-06-05,THAYSEN CONSULTING AS,Registry history: THAYSEN CONSULTING AS -> AGENDA RISK AS.,verified,2026-09-22,@whatsdd,"https://data.brreg.no/enhetsregisteret/api/enheter/925206636 (registry, 2026-09-22); https://ahmad.science/2025/05/06/50-selskaper-som-tilbyr-sikkerhetstesting-pentest-i-norge-2025-utgaven/ (seed-list, 2026-09-22); https://ahmad.science/2023/02/24/33-pentest-firma-i-norge-sikkerhetstesting-inntrengingstesting/ (seed-list, 2026-09-22); https://www.agendarisk.no (company-site, 2026-09-22); https://github.com/whatsdd/Cybersecurity-companies-Norway/blob/main/docs/methodology.md#guarded-estimates (estimate, 2026-09-22)"
river-security,River Security,RIVER SECURITY AS,https://riversecurity.eu,norwegian,925178810,true,Oslo,17,estimate,true,whole-company,https://github.com/whatsdd/Cybersecurity-companies-Norway/blob/main/docs/methodology.md#guarded-estimates,"Guarded estimate by the list maintainer (@whatsdd) and not published by the company: the headcount this entity filed with Enhetsregisteret, which is a security-only business, so the whole payroll is security work. It is the entity's headcount rather than a measured split, which is why it is an estimate and a floor.",,,,,17,2026-07-15,in-house,https://riversecurity.eu,Delivery model recorded from the company's own description of how it staffs the work.,"Offensive security boutique: penetration testing, red teaming and OT testing for industry.",penetration-testing; red-teaming; ot-ics-security; application-security; vulnerability-assessment; security-architecture,ISO 27001,2020-06-05,,"The in-house security staff figure is an estimate by the list author and is not published on the company site; the registry headcount for the Norwegian entity is 17, and the entity does security work only.",verified,2026-09-22,@whatsdd,"https://data.brreg.no/enhetsregisteret/api/enheter/925178810 (registry, 2026-09-22); https://ahmad.science/2025/05/06/50-selskaper-som-tilbyr-sikkerhetstesting-pentest-i-norge-2025-utgaven/ (seed-list, 2026-09-22); https://ahmad.science/2023/02/24/33-pentest-firma-i-norge-sikkerhetstesting-inntrengingstesting/ (seed-list, 2026-09-22); https://riversecurity.eu (company-site, 2026-09-22); https://github.com/whatsdd/Cybersecurity-companies-Norway/blob/main/docs/methodology.md#guarded-estimates (estimate, 2026-09-22)"
norma-cyber,NORMA Cyber,NORDIC MARITIME CYBER RESILIENCE CENTRE AS,https://www.normacyber.no,norwegian,925216739,true,Oslo,15,estimate,true,whole-company,https://github.com/whatsdd/Cybersecurity-companies-Norway/blob/main/docs/methodology.md#guarded-estimates,"Guarded estimate by the list maintainer (@whatsdd) and not published by the company: the headcount this entity filed with Enhetsregisteret, which is a security-only business, so the whole payroll is security work. It is the entity's headcount rather than a measured split, which is why it is an estimate and a floor.",,,,,15,2026-08-11,in-house,https://www.normacyber.no,Delivery model recorded from the company's own description of how it staffs the work.,Maritime cyber resilience centre for the Norwegian shipping industry.,soc; incident-response; threat-intelligence; penetration-testing; tabletop-exercises; security-training; ot-ics-security; compliance,,2020-06-10,ATHOMSTART INVEST 495 AS; NORWEGIAN MARITIME CYBER RESILIENCE CENTRE AS,Trading as NORMA Cyber; the registry entity is NORDIC MARITIME CYBER RESILIENCE CENTRE AS (formerly NORWEGIAN MARITIME CYBER RESILIENCE CENTRE AS).,verified,2026-09-22,@whatsdd,"https://data.brreg.no/enhetsregisteret/api/enheter/925216739 (registry, 2026-09-22); https://ahmad.science/2025/05/06/50-selskaper-som-tilbyr-sikkerhetstesting-pentest-i-norge-2025-utgaven/ (seed-list, 2026-09-22); https://ahmad.science/2023/02/24/33-pentest-firma-i-norge-sikkerhetstesting-inntrengingstesting/ (seed-list, 2026-09-22); https://www.normacyber.no (company-site, 2026-09-22); https://github.com/whatsdd/Cybersecurity-companies-Norway/blob/main/docs/methodology.md#guarded-estimates (estimate, 2026-09-22)"
semaphore,Semaphore,SEMAPHORE CONSULTING PARTNERS AS,https://www.semaphore.no,norwegian,989925970,true,Stabekk,14,estimate,true,whole-company,https://github.com/whatsdd/Cybersecurity-companies-Norway/blob/main/docs/methodology.md#guarded-estimates,"Guarded estimate by the list maintainer (@whatsdd) and not published by the company: the headcount this entity filed with Enhetsregisteret, which is a security-only business, so the whole payroll is security work. It is the entity's headcount rather than a measured split, which is why it is an estimate and a floor.",20,https://www.semaphore.no,stated as just under 20 employees,2026-09-22,14,2026-08-11,in-house,https://www.semaphore.no,Delivery model recorded from the company's own description of how it staffs the work.,"Boutique testing house: penetration testing, red teaming and security assessments.",penetration-testing; red-teaming; vulnerability-assessment; security-audit; social-engineering; security-training,ISO/IEC 27001,2006-05-05,SCIO AS,"Registry entity SEMAPHORE CONSULTING PARTNERS AS, Stabekk, whose former name was SCIO AS. A separate SEMAPHORE AS (org.nr 924505214, Oslo) also exists. Which one delivers the security testing in the list should be confirmed.",partial,2026-09-22,@whatsdd,"https://data.brreg.no/enhetsregisteret/api/enheter/989925970 (registry, 2026-09-22); https://ahmad.science/2025/05/06/50-selskaper-som-tilbyr-sikkerhetstesting-pentest-i-norge-2025-utgaven/ (seed-list, 2026-09-22); https://ahmad.science/2023/02/24/33-pentest-firma-i-norge-sikkerhetstesting-inntrengingstesting/ (seed-list, 2026-09-22); https://www.semaphore.no (company-site, 2026-09-22); https://github.com/whatsdd/Cybersecurity-companies-Norway/blob/main/docs/methodology.md#guarded-estimates (estimate, 2026-09-22)"
secure-practice,Secure Practice,SECURE PRACTICE AS,https://securepractice.no,norwegian,919420197,true,Trondheim,14,estimate,true,whole-company,https://github.com/whatsdd/Cybersecurity-companies-Norway/blob/main/docs/methodology.md#guarded-estimates,"Guarded estimate by the list maintainer (@whatsdd) and not published by the company: the headcount this entity filed with Enhetsregisteret, which is a security-only business, so the whole payroll is security work. It is the entity's headcount rather than a measured split, which is why it is an estimate and a floor.",,,,,14,2026-08-11,in-house,https://securepractice.no,Delivery model recorded from the company's own description of how it staffs the work.,"Human risk and security culture: phishing simulation, awareness training and measuring.",awareness-training; security-training; risk-management; threat-intelligence; compliance,,2017-08-01,,,verified,2026-09-22,@whatsdd,"https://data.brreg.no/enhetsregisteret/api/enheter/919420197 (registry, 2026-09-22); https://ahmad.science/2025/05/06/50-selskaper-som-tilbyr-sikkerhetstesting-pentest-i-norge-2025-utgaven/ (seed-list, 2026-09-22); https://ahmad.science/2023/02/24/33-pentest-firma-i-norge-sikkerhetstesting-inntrengingstesting/ (seed-list, 2026-09-22); https://securepractice.no (company-site, 2026-09-22); https://github.com/whatsdd/Cybersecurity-companies-Norway/blob/main/docs/methodology.md#guarded-estimates (estimate, 2026-09-22)"
bsure,Bsure,BSURE AS,https://www.bsure.io/,norwegian,929419766,true,Asker,13,estimate,true,whole-company,https://github.com/whatsdd/Cybersecurity-companies-Norway/blob/main/docs/methodology.md#guarded-estimates,"In-house security staff: 13 or more. Guarded estimate by the list maintainer, not published by the company: the headcount this entity filed with Enhetsregisteret, which is a security-only business, so the whole payroll is security work.",,,,,13,2026-05-11,in-house,https://www.bsure.io/about-us,"The company builds and operates its own platform from Norway and defines its delivery as the platform itself, run read-only inside the customer's own subscription.","Identity visibility for Microsoft Entra ID and Microsoft 365: every identity, what it can reach, and who is answerable for it.",identity-access-management; compliance,,2022-05-03,,"A Norwegian platform company rather than a consultancy: the delivery is software the customer runs, not consultants on site, and it is listed because identity visibility is the whole product rather than a feature of something else. Its own team builds, sells and supports it, and the entity is a security-only business, which is what makes the guarded estimate applicable.",verified,2026-09-22,@whatsdd,"https://www.bsure.io/ (company-site, 2026-09-22); https://www.bsure.io/about-us (company-site, 2026-09-22); https://data.brreg.no/enhetsregisteret/api/enheter/929419766 (registry, 2026-09-22); https://github.com/whatsdd/Cybersecurity-companies-Norway/blob/main/docs/methodology.md#guarded-estimates (estimate, 2026-09-22)"
fencenordic,Fencenordic,FENCE AS,https://fence.no,norwegian,934279220,true,Oslo,11,estimate,true,whole-company,https://github.com/whatsdd/Cybersecurity-companies-Norway/blob/main/docs/methodology.md#guarded-estimates,"Guarded estimate by the list maintainer (@whatsdd) and not published by the company: the headcount this entity filed with Enhetsregisteret, which is a security-only business, so the whole payroll is security work. It is the entity's headcount rather than a measured split, which is why it is an estimate and a floor.",,,,,11,2026-07-15,in-house,https://fence.no,Delivery model recorded from the company's own description of how it staffs the work.,"Norwegian MDR provider: 24/7 monitoring, incident response and managed detection.",soc; incident-response; penetration-testing; red-teaming; vulnerability-management; threat-intelligence; endpoint-security; security-training,NSM-approved incident response team,2024-09-23,FENCE DRIFT AS,"Listed as ""Fencenordic""; the company now operates as Fence and this entity is the Norwegian legal entity (formerly FENCE DRIFT AS).",verified,2026-09-22,@whatsdd,"https://data.brreg.no/enhetsregisteret/api/enheter/934279220 (registry, 2026-09-22); https://ahmad.science/2025/05/06/50-selskaper-som-tilbyr-sikkerhetstesting-pentest-i-norge-2025-utgaven/ (seed-list, 2026-09-22); https://ahmad.science/2023/02/24/33-pentest-firma-i-norge-sikkerhetstesting-inntrengingstesting/ (seed-list, 2026-09-22); https://fence.no (company-site, 2026-09-22); https://github.com/whatsdd/Cybersecurity-companies-Norway/blob/main/docs/methodology.md#guarded-estimates (estimate, 2026-09-22)"
o3c,O3C,O3 CYBER AS,https://www.o3c.no/,norwegian,929553160,true,Oslo,11,estimate,true,whole-company,https://github.com/whatsdd/Cybersecurity-companies-Norway/blob/main/docs/methodology.md#guarded-estimates,"In-house security staff: 11 or more. Guarded estimate by the list maintainer, not published by the company: the headcount this entity filed with Enhetsregisteret, which is a security-only business, so the whole payroll is security work.",,,,,11,2026-09-14,in-house,https://www.o3c.no/,"A boutique consultancy that describes advising, assessing and operating alongside its clients, which means its own consultants do the work.","Boutique consultancy for cloud, platform and AI security, working with Nordic enterprises and scale-ups.",cloud-security; container-security; security-architecture; ai-security; application-security; secure-development; security-audit; security-training,,2022-06-30,,O3 CYBER AS is the operating company; O3C TOPCO AS (org.nr 938170894) is the holding entity.,verified,2026-09-22,@whatsdd,"https://www.o3c.no/ (company-site, 2026-09-22); https://github.com/whatsdd/Cybersecurity-companies-Norway/blob/main/docs/methodology.md#guarded-estimates (estimate, 2026-09-22); https://data.brreg.no/enhetsregisteret/api/enheter/929553160 (registry, 2026-09-22)"
ey-norge,EY Norge,ERNST & YOUNG AS,https://www.ey.com/no_no,norwegian,976389387,true,Oslo,10,estimate,true,,https://github.com/whatsdd/Cybersecurity-companies-Norway/blob/main/docs/methodology.md#guarded-estimates,"In-house security staff: 10 or more. Estimated by the list maintainer, not published by the company.",,,,,1422,2026-09-14,in-house,https://www.ey.com/no_no,Delivery model recorded from the company's own description of how it staffs the work.,"Audit and advisory giant whose Norwegian cyber team covers testing, resilience and compliance.",penetration-testing; vulnerability-assessment; security-audit; compliance; risk-management; incident-response; cloud-security,,1996-03-28,ERNST & YOUNG MANAGEMENT CONSULTING AS,"The in-house security staff figure is an estimate by the list author and is not published on the company site. EY is a large multi-service firm, so this figure is a fraction of its Norwegian headcount.",verified,2026-09-22,@whatsdd,"https://data.brreg.no/enhetsregisteret/api/enheter/976389387 (registry, 2026-09-22); https://ahmad.science/2025/05/06/50-selskaper-som-tilbyr-sikkerhetstesting-pentest-i-norge-2025-utgaven/ (seed-list, 2026-09-22); https://ahmad.science/2023/02/24/33-pentest-firma-i-norge-sikkerhetstesting-inntrengingstesting/ (seed-list, 2026-09-22); https://www.ey.com/no_no (company-site, 2026-09-22); https://github.com/whatsdd/Cybersecurity-companies-Norway/blob/main/docs/methodology.md#guarded-estimates (estimate, 2026-09-22)"
shift-security,Shift Security,SHIFT SECURITY AS,https://shiftsecurity.no,norwegian,933831922,true,Sætre,10,estimate,true,whole-company,https://github.com/whatsdd/Cybersecurity-companies-Norway/blob/main/docs/methodology.md#guarded-estimates,"Guarded estimate by the list maintainer (@whatsdd) and not published by the company: the headcount this entity filed with Enhetsregisteret, which is a security-only business, so the whole payroll is security work. It is the entity's headcount rather than a measured split, which is why it is an estimate and a floor.",,,,,10,2026-08-12,in-house,https://shiftsecurity.no,,"Zero Trust and secure networking specialist: microsegmentation, SASE and managed security.",network-security; security-architecture; cloud-security; soc; identity-access-management,,2024-06-06,,,verified,2026-09-22,@whatsdd,"https://shiftsecurity.no (company-site, 2026-09-22); https://data.brreg.no/enhetsregisteret/api/enheter/933831922 (registry, 2026-09-22); https://github.com/whatsdd/Cybersecurity-companies-Norway/blob/main/docs/methodology.md#guarded-estimates (estimate, 2026-09-22)"
indykite,IndyKite,INDYKITE NORWAY AS,https://www.indykite.com/,international,926277340,true,Oslo,9,estimate,true,whole-company,https://github.com/whatsdd/Cybersecurity-companies-Norway/blob/main/docs/methodology.md#guarded-estimates,"In-house security staff: 9 or more. Guarded estimate by the list maintainer, not published by the company: the headcount this entity filed with Enhetsregisteret, which is a security-only business, so the whole payroll is security work.",,,,,9,2026-03-11,in-house,https://www.indykite.com/,The platform and its engineering are the company's own; the Norwegian entity is the group's development and delivery company.,"Identity and authorisation platform that controls what people, services and AI agents are allowed to reach at runtime.",identity-access-management; ai-security,,2020-12-09,,"A platform company with its engineering company in Oslo and the brand run from outside Norway, which is why it is grouped as international while the Norwegian entity is the one pinned. Identity and authorisation is the whole product, so the entity's registry headcount is usable as a guarded estimate.",verified,2026-09-22,@whatsdd,"https://www.indykite.com/ (company-site, 2026-09-22); https://data.brreg.no/enhetsregisteret/api/enheter/926277340 (registry, 2026-09-22); https://github.com/whatsdd/Cybersecurity-companies-Norway/blob/main/docs/methodology.md#guarded-estimates (estimate, 2026-09-22)"
junglemap,Junglemap,JUNGLEMAP AS,https://www.junglemap.no/,nordic,984590423,true,Oslo,9,estimate,true,whole-company,https://github.com/whatsdd/Cybersecurity-companies-Norway/blob/main/docs/methodology.md#guarded-estimates,"In-house security staff: 9 or more. Guarded estimate by the list maintainer, not published by the company: the headcount this entity filed with Enhetsregisteret, which is a security-only business, so the whole payroll is security work.",,,,,9,2026-07-15,in-house,https://www.junglemap.no/,The Norwegian company delivers its own awareness courses and runs the platform it sells; the group's Swedish parent does not deliver the Norwegian work.,"Security awareness house: short recurring courses on cyber security, privacy, NIS2 and secure coding, with phishing simulations.",awareness-training; security-training; privacy-gdpr; nis2-dora,,2002-05-10,JUNGLEMAP AS; NKI JUNGLEMAP AS,"Awareness training is the whole business, so the Norwegian entity's registry headcount is usable as a guarded estimate. The brand belongs to the Swedish group Junglemap AB; this row is the Norwegian company that sells and supports it here, and it is grouped as nordic for that reason.",verified,2026-09-22,@whatsdd,"https://www.junglemap.no/ (company-site, 2026-09-22); https://data.brreg.no/enhetsregisteret/api/enheter/984590423 (registry, 2026-09-22); https://github.com/whatsdd/Cybersecurity-companies-Norway/blob/main/docs/methodology.md#guarded-estimates (estimate, 2026-09-22)"
secure-nok,Secure-NOK,SECURE-NOK AS,https://www.securenok.com,norwegian,924577002,true,Sandnes,8,estimate,true,whole-company,https://github.com/whatsdd/Cybersecurity-companies-Norway/blob/main/docs/methodology.md#guarded-estimates,"Guarded estimate by the list maintainer (@whatsdd) and not published by the company: the headcount this entity filed with Enhetsregisteret, which is a security-only business, so the whole payroll is security work. It is the entity's headcount rather than a measured split, which is why it is an estimate and a floor.",,,,,8,2026-03-11,in-house,https://www.securenok.com,Delivery model recorded from the company's own description of how it staffs the work.,OT security monitoring for offshore and industrial environments.,ot-ics-security; soc; incident-response; vulnerability-assessment; network-security,,2020-01-14,,"Trading as Secure-NOK. Two related entities exist: SECURE-NOK AS (org.nr 924577002, this row) and SECURE-NOK TECHNOLOGY AS (org.nr 996501965, formerly named SECURE-NOK AS). Both are registered in Sandnes; the split between them should be confirmed.",partial,2026-09-22,@whatsdd,"https://data.brreg.no/enhetsregisteret/api/enheter/924577002 (registry, 2026-09-22); https://ahmad.science/2025/05/06/50-selskaper-som-tilbyr-sikkerhetstesting-pentest-i-norge-2025-utgaven/ (seed-list, 2026-09-22); https://ahmad.science/2023/02/24/33-pentest-firma-i-norge-sikkerhetstesting-inntrengingstesting/ (seed-list, 2026-09-22); https://www.securenok.com (company-site, 2026-09-22); https://github.com/whatsdd/Cybersecurity-companies-Norway/blob/main/docs/methodology.md#guarded-estimates (estimate, 2026-09-22)"
fm-cybersecurity,FM Cyber Security,FM CYBERSECURITY AS,https://fmcybersecurity.com,norwegian,934418840,true,Oslo,7,estimate,true,whole-company,https://github.com/whatsdd/Cybersecurity-companies-Norway/blob/main/docs/methodology.md#guarded-estimates,"Guarded estimate by the list maintainer (@whatsdd) and not published by the company: the headcount this entity filed with Enhetsregisteret, which is a security-only business, so the whole payroll is security work. It is the entity's headcount rather than a measured split, which is why it is an estimate and a floor.",,,,,7,2026-02-12,in-house,https://fmcybersecurity.com,,Small Oslo MSSP delivering vendor-backed managed detection and response.,soc; incident-response; threat-intelligence; vulnerability-management; identity-access-management,,2024-10-27,,,verified,2026-09-22,@whatsdd,"https://fmcybersecurity.com (company-site, 2026-09-22); https://data.brreg.no/enhetsregisteret/api/enheter/934418840 (registry, 2026-09-22); https://github.com/whatsdd/Cybersecurity-companies-Norway/blob/main/docs/methodology.md#guarded-estimates (estimate, 2026-09-22)"
xlent-cyber-security,Xlent Cyber Security,XLENT CYBER SECURITY AS,https://www.xlent.no,nordic,931938142,true,Oslo,6,estimate,true,whole-company,https://github.com/whatsdd/Cybersecurity-companies-Norway/blob/main/docs/methodology.md#guarded-estimates,"Guarded estimate by the list maintainer (@whatsdd) and not published by the company: the headcount this entity filed with Enhetsregisteret, which is a security-only business, so the whole payroll is security work. It is the entity's headcount rather than a measured split, which is why it is an estimate and a floor.",550,https://www.xlent.no,group-wide: 550 employees in Norway and Sweden,2026-09-22,6,2026-09-14,in-house,https://www.xlent.no,,Norwegian arm of the Xlent group: security advisory and consultants on assignment.,security-audit; cloud-security; compliance; security-architecture; identity-access-management,,2023-06-21,,,verified,2026-09-22,@whatsdd,"https://www.xlent.no (company-site, 2026-09-22); https://data.brreg.no/enhetsregisteret/api/enheter/931938142 (registry, 2026-09-22); https://github.com/whatsdd/Cybersecurity-companies-Norway/blob/main/docs/methodology.md#guarded-estimates (estimate, 2026-09-22)"
binary-security,Binary Security,BINARY SECURITY AS,https://www.binarysecurity.no,norwegian,933452212,true,Oslo,5,estimate,true,whole-company,https://github.com/whatsdd/Cybersecurity-companies-Norway/blob/main/docs/methodology.md#guarded-estimates,"Guarded estimate by the list maintainer (@whatsdd) and not published by the company: the headcount this entity filed with Enhetsregisteret, which is a security-only business, so the whole payroll is security work. It is the entity's headcount rather than a measured split, which is why it is an estimate and a floor.",,,,,5,2024-10-12,in-house,https://www.binarysecurity.no,Delivery model recorded from the company's own description of how it staffs the work.,"Small offensive house doing penetration testing, red teaming and cloud security reviews.",penetration-testing; red-teaming; purple-teaming; cloud-security; application-security; security-architecture,,2024-04-16,BINARY SECURITY B AS,"The in-house security staff figure is an estimate by the list author and is not published on the company site. The company is a small specialist boutique, so its registry headcount is a floor for security staff.",verified,2026-09-22,@whatsdd,"https://data.brreg.no/enhetsregisteret/api/enheter/933452212 (registry, 2026-09-22); https://ahmad.science/2025/05/06/50-selskaper-som-tilbyr-sikkerhetstesting-pentest-i-norge-2025-utgaven/ (seed-list, 2026-09-22); https://ahmad.science/2023/02/24/33-pentest-firma-i-norge-sikkerhetstesting-inntrengingstesting/ (seed-list, 2026-09-22); https://www.binarysecurity.no (company-site, 2026-09-22); https://github.com/whatsdd/Cybersecurity-companies-Norway/blob/main/docs/methodology.md#guarded-estimates (estimate, 2026-09-22)"
sopra-steria,Sopra Steria,SOPRA STERIA AS,https://www.soprasteria.no,norwegian,910909088,true,Oslo,,,,,,,3700,https://www.soprasteria.no,"stated as ""3 700 medarbeidere i Norge""",2026-09-22,3671,2026-09-14,in-house,https://www.soprasteria.no,Delivery model recorded from the company's own description of how it staffs the work.,"Large Norwegian IT consultancy with a security practice across testing, audits and incident response.",penetration-testing; vulnerability-assessment; security-audit; incident-response; cloud-security; compliance; privacy-gdpr,,1958-02-20,Bull AS; INTEGRIS AS; STERIA AS,Registry history: Bull AS -> INTEGRIS AS -> STERIA AS -> SOPRA STERIA AS.,verified,2026-09-22,@whatsdd,"https://data.brreg.no/enhetsregisteret/api/enheter/910909088 (registry, 2026-09-22); https://ahmad.science/2025/05/06/50-selskaper-som-tilbyr-sikkerhetstesting-pentest-i-norge-2025-utgaven/ (seed-list, 2026-09-22); https://ahmad.science/2023/02/24/33-pentest-firma-i-norge-sikkerhetstesting-inntrengingstesting/ (seed-list, 2026-09-22); https://www.soprasteria.no (company-site, 2026-09-22)"
nixu-dnv,DNV Cyber,DNV AS,https://www.dnv.com/cyber/,nordic,945748931,true,Høvik,,,,,,,,,,,2341,2026-09-14,in-house,https://www.dnv.com/cyber/services/,Delivery model recorded from the company's own description of how it staffs the work.,"DNV Cyber, which absorbed the Nixu consultancy: IT and OT cyber security services, risk and regulatory work for industry, maritime, energy and defence.",penetration-testing; vulnerability-assessment; soc; incident-response; ot-ics-security; security-audit; compliance; security-training,,1988-01-01,Det norske Veritas Classification A/S; DET NORSKE VERITAS AS; DNV GL AS,"Reported to the list as DNV Cyber AS, and there is no such entity: the cyber business sits in DNV AS (org.nr 945748931, Høvik), which is Norwegian-headquartered, while the brand DNV Cyber was formed when DNV absorbed the Finnish consultancy Nixu. The Nixu Norway AS entity from the 2023 edition no longer resolves in the registry, so DNV AS is the entity pinned here.",verified,2026-09-22,@whatsdd,"https://ahmad.science/2025/05/06/50-selskaper-som-tilbyr-sikkerhetstesting-pentest-i-norge-2025-utgaven/ (seed-list, 2026-09-22); https://ahmad.science/2023/02/24/33-pentest-firma-i-norge-sikkerhetstesting-inntrengingstesting/ (seed-list, 2026-09-22); https://www.dnv.com/cyber/services/ (company-site, 2026-09-22); https://www.dnv.com/cyber/ (company-site, 2026-09-22); https://data.brreg.no/enhetsregisteret/api/enheter/945748931 (registry, 2026-09-22)"
pwc-norge,PwC Norge,PRICEWATERHOUSECOOPERS AS,https://www.pwc.com,norwegian,987009713,true,Oslo,,,,,,,,,,,1917,2026-09-14,in-house,https://www.pwc.com,Delivery model recorded from the company's own description of how it staffs the work.,"Assurance and advisory house with cyber risk, testing, privacy and incident response teams.",penetration-testing; vulnerability-assessment; security-audit; compliance; incident-response; privacy-gdpr; risk-management,,2004-06-24,,,verified,2026-09-22,@whatsdd,"https://data.brreg.no/enhetsregisteret/api/enheter/987009713 (registry, 2026-09-22); https://ahmad.science/2025/05/06/50-selskaper-som-tilbyr-sikkerhetstesting-pentest-i-norge-2025-utgaven/ (seed-list, 2026-09-22); https://ahmad.science/2023/02/24/33-pentest-firma-i-norge-sikkerhetstesting-inntrengingstesting/ (seed-list, 2026-09-22); https://www.pwc.com (company-site, 2026-09-22)"
atea,Atea,ATEA AS,https://www.atea.no,norwegian,976239997,true,Oslo,,,,,,,,,,,1875,2026-09-14,in-house,https://www.atea.no,Delivery model recorded from the company's own description of how it staffs the work.,"Norway's largest IT infrastructure house, selling security architecture, operations and testing.",penetration-testing; vulnerability-assessment; security-audit; network-security; identity-access-management; cloud-security; endpoint-security,,1996-02-16,INTRANETT AS; ARK NETWORK AS; ARK NORGE AS; GETRONICS NORGE AS; GETRONICS AS; ETERRA AS; EMENTOR NORGE AS,,verified,2026-09-22,@whatsdd,"https://data.brreg.no/enhetsregisteret/api/enheter/976239997 (registry, 2026-09-22); https://ahmad.science/2025/05/06/50-selskaper-som-tilbyr-sikkerhetstesting-pentest-i-norge-2025-utgaven/ (seed-list, 2026-09-22); https://ahmad.science/2023/02/24/33-pentest-firma-i-norge-sikkerhetstesting-inntrengingstesting/ (seed-list, 2026-09-22); https://www.atea.no (company-site, 2026-09-22)"
bdo,BDO,BDO AS,https://www.bdo.no,norwegian,993606650,true,Oslo,,,,,,,1500,https://www.bdo.no,"stated as ""over 1500 ansatte"" in Norway",2026-09-22,1300,2026-09-14,in-house,https://www.bdo.no,Delivery model recorded from the company's own description of how it staffs the work.,"Audit and advisory firm whose cyber team covers testing, ISO 27001 and risk.",penetration-testing; security-audit; compliance; risk-management; privacy-gdpr,,2009-01-05,,,verified,2026-09-22,@whatsdd,"https://data.brreg.no/enhetsregisteret/api/enheter/993606650 (registry, 2026-09-22); https://ahmad.science/2025/05/06/50-selskaper-som-tilbyr-sikkerhetstesting-pentest-i-norge-2025-utgaven/ (seed-list, 2026-09-22); https://ahmad.science/2023/02/24/33-pentest-firma-i-norge-sikkerhetstesting-inntrengingstesting/ (seed-list, 2026-09-22); https://www.bdo.no (company-site, 2026-09-22)"
capgemini-norge,Capgemini Norge,CAPGEMINI NORGE AS,https://www.capgemini.com/no-no/,norwegian,943574537,true,Oslo,,,,,,,,,,,1402,2026-09-14,in-house,https://www.capgemini.com/no-no/,Delivery model recorded from the company's own description of how it staffs the work.,"Global consultancy with a Norwegian cyber security unit for testing, cloud and resilience.",penetration-testing; vulnerability-assessment; security-audit; cloud-security; identity-access-management; compliance,,1986-12-11,CAP COMPUTAS AS; CAP GEMINI NORGE AS; CAP GEMINI ERNST & YOUNG NORGE AS,"The Enhetsregisteret homepage field listed www.no.capgemini.com, which does not resolve; the published Norwegian site is www.capgemini.com/no-no/.",verified,2026-09-22,@whatsdd,"https://data.brreg.no/enhetsregisteret/api/enheter/943574537 (registry, 2026-09-22); https://ahmad.science/2025/05/06/50-selskaper-som-tilbyr-sikkerhetstesting-pentest-i-norge-2025-utgaven/ (seed-list, 2026-09-22); https://ahmad.science/2023/02/24/33-pentest-firma-i-norge-sikkerhetstesting-inntrengingstesting/ (seed-list, 2026-09-22); https://www.capgemini.com/no-no/ (company-site, 2026-09-22)"
kpmg-norge,KPMG Norge,KPMG AS,https://www.kpmg.no,norwegian,935174627,true,Oslo,,,,,,,,,,,1373,2026-09-14,in-house,https://www.kpmg.no,Delivery model recorded from the company's own description of how it staffs the work.,"Audit and advisory firm with cyber security testing, compliance and crisis support.",penetration-testing; vulnerability-assessment; security-audit; compliance; incident-response; risk-management,,1984-09-01,KPMG PEAT MARWICK AS,,verified,2026-09-22,@whatsdd,"https://data.brreg.no/enhetsregisteret/api/enheter/935174627 (registry, 2026-09-22); https://ahmad.science/2025/05/06/50-selskaper-som-tilbyr-sikkerhetstesting-pentest-i-norge-2025-utgaven/ (seed-list, 2026-09-22); https://ahmad.science/2023/02/24/33-pentest-firma-i-norge-sikkerhetstesting-inntrengingstesting/ (seed-list, 2026-09-22); https://www.kpmg.no (company-site, 2026-09-22)"
deloitte-norge,Deloitte Norge,DELOITTE AS,https://www.deloitte.no,norwegian,980211282,true,Oslo,,,,,,,,,,,1227,2026-09-14,in-house,https://www.deloitte.no,,"Audit and advisory firm with cyber risk, testing, cloud security and incident response teams.",penetration-testing; security-audit; compliance; risk-management; cloud-security; incident-response; privacy-gdpr; digital-forensics,,1998-10-01,DELOITTE & TOUCHE STATSAUTORISERTE REVISORER AS; DELOITTE STATSAUTORISERTE REVISORER AS,,verified,2026-09-22,@whatsdd,"https://www.deloitte.no (company-site, 2026-09-22); https://data.brreg.no/enhetsregisteret/api/enheter/980211282 (registry, 2026-09-22)"
accenture,Accenture,ACCENTURE AS,https://www.accenture.com/no-en,norwegian,992037601,true,Oslo,,,,,,,,,,,830,2026-09-14,in-house,https://www.accenture.com/no-en,Delivery model recorded from the company's own description of how it staffs the work.,"Global consultancy selling security strategy, testing and managed security to Norwegian clients.",penetration-testing; vulnerability-assessment; security-audit; compliance; cloud-security; identity-access-management,,2007-11-26,TEKÅGEL INVEST 258 AS,,verified,2026-09-22,@whatsdd,"https://data.brreg.no/enhetsregisteret/api/enheter/992037601 (registry, 2026-09-22); https://ahmad.science/2025/05/06/50-selskaper-som-tilbyr-sikkerhetstesting-pentest-i-norge-2025-utgaven/ (seed-list, 2026-09-22); https://ahmad.science/2023/02/24/33-pentest-firma-i-norge-sikkerhetstesting-inntrengingstesting/ (seed-list, 2026-09-22); https://www.accenture.com/no-en (company-site, 2026-09-22)"
advania-norge,Advania Norge,ADVANIA NORGE AS,https://www.advania.no,nordic,992009241,true,Oslo,,,,,,,,,,,736,2026-09-14,in-house,https://www.advania.no,,"Nordic managed services group selling security operations, identity and cloud security.",cloud-security; identity-access-management; network-security; soc; backup-recovery; endpoint-security,,2007-11-12,ITELLO AS,,verified,2026-09-22,@whatsdd,"https://www.advania.no (company-site, 2026-09-22); https://data.brreg.no/enhetsregisteret/api/enheter/992009241 (registry, 2026-09-22)"
intility,Intility,INTILITY AS,https://www.intility.no,norwegian,981967070,true,Oslo,,,,,,,,,,,664,2026-09-14,in-house,https://www.intility.no,,"Norwegian cloud platform provider whose security services cover network, identity and compliance.",cloud-security; network-security; identity-access-management; compliance; backup-recovery; soc,,2000-04-27,I-TILITY AS,,verified,2026-09-22,@whatsdd,"https://www.intility.no (company-site, 2026-09-22); https://data.brreg.no/enhetsregisteret/api/enheter/981967070 (registry, 2026-09-22)"
netnordic-norway,NetNordic Norway,NETNORDIC NORWAY AS,https://www.netnordic.com,nordic,993062561,true,Lysaker,,,,,,,650,https://www.netnordic.com/about-us/,"""650+ employees"" is the NetNordic group across the Nordics, not Norway alone",2026-09-22,299,2026-09-14,in-house,https://www.netnordic.com,Delivery model recorded from the company's own description of how it staffs the work.,Nordic infrastructure house running its own 24/7 SOC and network security practice.,soc; incident-response; network-security; cloud-security; vulnerability-assessment; identity-access-management,,2008-09-02,NETNORDIC BEDRIFTSKOMMUNIKASJON AS; NETNORDIC COMMUNICATION AS,,verified,2026-09-22,@whatsdd,"https://data.brreg.no/enhetsregisteret/api/enheter/993062561 (registry, 2026-09-22); https://ahmad.science/2025/05/06/50-selskaper-som-tilbyr-sikkerhetstesting-pentest-i-norge-2025-utgaven/ (seed-list, 2026-09-22); https://ahmad.science/2023/02/24/33-pentest-firma-i-norge-sikkerhetstesting-inntrengingstesting/ (seed-list, 2026-09-22); https://www.netnordic.com (company-site, 2026-09-22)"
evry,Tietoevry,TIETO NORWAY AS,https://www.tietoevry.com,norwegian,933012867,true,Fornebu,,,,,,,,,,,623,2026-09-14,in-house,https://www.tietoevry.com,Delivery model recorded from the company's own description of how it staffs the work.,"Nordic IT services group with cyber security operations, audits and cloud security in Norway.",soc; incident-response; security-audit; compliance; cloud-security; vulnerability-assessment,,1982-09-10,NORDATA VESTDATA AS; TELENOR DATASERVICE AS; EDB TEAMCO AS; EDB IT DRIFT AS; EDB BUSINESS PARTNER NORGE AS; EDB ERGOGROUP 67 AS; EVRY AS; EVRY NORGE AS; TIETOEVRY NORWAY AS,"Listed as ""EVRY AS"". The rename history on this entity runs EVRY AS -> EVRY NORGE AS -> TIETOEVRY NORWAY AS -> TIETO NORWAY AS, so the EVRY business now reports as Tieto Norway AS. Listed as EVRY AS in the pentest editions; the entity has since been renamed through TIETOEVRY NORWAY AS to TIETO NORWAY AS.",verified,2026-09-22,@whatsdd,"https://data.brreg.no/enhetsregisteret/api/enheter/933012867 (registry, 2026-09-22); https://ahmad.science/2025/05/06/50-selskaper-som-tilbyr-sikkerhetstesting-pentest-i-norge-2025-utgaven/ (seed-list, 2026-09-22); https://ahmad.science/2023/02/24/33-pentest-firma-i-norge-sikkerhetstesting-inntrengingstesting/ (seed-list, 2026-09-22); https://www.tietoevry.com (company-site, 2026-09-22)"
iteam-braathe,iTeam Braathe,ITEAM BRAATHE AS,https://www.braathe.no,norwegian,981933311,true,Rygge,,,,,,,500,https://www.braathe.no,"group-wide: over 500 staff across the iTeam group, of whom 131 are in this entity",2026-09-22,131,2026-09-14,in-house,https://www.braathe.no,Recorded from the company's own description of how it staffs the work.,"Ostfold managed services house selling endpoint, identity and security operations.",endpoint-security; identity-access-management; network-security; soc; awareness-training,,2000-03-28,CLIENTPARTNER AS; AXESSPARTNER AS; BRAATHE GRUPPEN AS; BRAATHE AS,"Added in the wider cybersecurity pass; the security practice is checked against the company's own service pages, so some capability tags may need confirming.",partial,2026-09-22,@whatsdd,"https://www.braathe.no (company-site, 2026-09-22); https://data.brreg.no/enhetsregisteret/api/enheter/981933311 (registry, 2026-09-22)"
globalconnect,GlobalConnect Norge,GLOBALCONNECT AS,https://www.globalconnect.no,nordic,890164072,true,Fornebu,,,,,,,,,,,444,2026-09-14,in-house,https://www.globalconnect.no,,"Digital infrastructure provider selling network security, DDoS protection and managed security.",network-security; soc; incident-response; cloud-security,,2006-07-31,TEKÅGEL INVEST 160 AS; VENTELO BEDRIFT AS; VENTELO AS; BROADNET AS,,verified,2026-09-22,@whatsdd,"https://www.globalconnect.no (company-site, 2026-09-22); https://data.brreg.no/enhetsregisteret/api/enheter/890164072 (registry, 2026-09-22)"
twoday,Twoday,TWODAY AS,https://www.twoday.no,nordic,990432368,true,Oslo,,,,,,,,,,,416,2026-09-14,in-house,https://www.twoday.no,Delivery model recorded from the company's own description of how it staffs the work.,"Nordic consultancy with security testing, cloud security and compliance advisory.",penetration-testing; cloud-security; compliance; security-audit; identity-access-management,,2006-10-20,SIRIUS IT AS; VISMA SIRIUS AS; VISMA CONSULTING AS,"Listed as ""Visma Consulting AS (now Twoday)"". The registry rename history confirms SIRIUS IT AS -> VISMA SIRIUS AS -> VISMA CONSULTING AS -> TWODAY AS.",verified,2026-09-22,@whatsdd,"https://data.brreg.no/enhetsregisteret/api/enheter/990432368 (registry, 2026-09-22); https://ahmad.science/2025/05/06/50-selskaper-som-tilbyr-sikkerhetstesting-pentest-i-norge-2025-utgaven/ (seed-list, 2026-09-22); https://ahmad.science/2023/02/24/33-pentest-firma-i-norge-sikkerhetstesting-inntrengingstesting/ (seed-list, 2026-09-22); https://www.twoday.no (company-site, 2026-09-22)"
teknograd,Upheads,UPHEADS AS,https://upheads.no,norwegian,980893936,true,Sandnes,,,,,,,400,https://upheads.no,group-wide: over 400 employees across Upheads,2026-09-22,277,2026-09-14,in-house,https://upheads.no,Delivery model recorded from the company's own description of how it staffs the work.,Managed IT and security provider running its own SOC for Norwegian and Nordic customers.,soc; incident-response; network-security; endpoint-security; backup-recovery; compliance; awareness-training,ISO 27001,1999-05-03,NETPOWER IKT AS; NETPOWER CONSULTING AS,"Acquired by Upheads in December 2022 and now part of Upheads AS (org.nr 980893936, Sandnes), a Norwegian IT and security provider. The pinned org.nr is Upheads (the acquirer), so its founding date and prior names are not Teknograd's. Listed as Teknograd in the pentest editions; Teknograd was acquired by Upheads in December 2022 and the Norwegian entity is Upheads AS.",verified,2026-09-22,@whatsdd,"https://ahmad.science/2025/05/06/50-selskaper-som-tilbyr-sikkerhetstesting-pentest-i-norge-2025-utgaven/ (seed-list, 2026-09-22); https://ahmad.science/2023/02/24/33-pentest-firma-i-norge-sikkerhetstesting-inntrengingstesting/ (seed-list, 2026-09-22); https://upheads.no (company-site, 2026-09-22); https://www.cw.no/it-bransjen-smb-upheads/upheads-kjoper-teknograd/2116919 (news, 2026-09-22); https://data.brreg.no/enhetsregisteret/api/enheter/980893936 (registry, 2026-09-22)"
afry,AFRY,AFRY NORWAY AS,https://afry.com/no-no/,nordic,915229719,true,Oslo,,,,,,,,,,,377,2026-09-14,in-house,https://afry.com/en/services/operations-digital-solutions/cyber-security,"The cyber security business area is staffed by the group's own engineers and advisers, with a named business unit manager for the area.","Engineering and advisory group whose cyber security business area covers advice, design and operation for industry, energy, critical infrastructure and defence.",risk-management; compliance; security-architecture; ot-ics-security,,2015-03-24,WR START UP 121 AS; ÅF REINERTSEN AS; ÅF ENGINEERING AS,"Advansia, the Norwegian consultancy known for security advisory work, now trades as part of AFRY and the Norwegian entity is AFRY NORWAY AS. Registry history on this entity runs WR START UP 121 AS, AF REINERTSEN AS, AF ENGINEERING AS. The row is partial: the group's published cyber security offering is the source for the capability tags, the Norwegian-language unit page could not be read, and the Norwegian team should be re-checked after around 50 of its people, including digital and security leadership, left in 2025 and 2026 to found Viljr.",partial,2026-09-22,@whatsdd,"https://afry.com/en/services/operations-digital-solutions/cyber-security (company-site, 2026-09-22); https://afry.com/en/services/operations-digital-solutions/cyber-security/ot-cyber-security (company-site, 2026-09-22); https://afry.com/en/newsroom/news/nordic-cyber-security-offering-industry-and-society (news, 2026-09-22); https://data.brreg.no/enhetsregisteret/api/enheter/915229719 (registry, 2026-09-22)"
cgi-norge,CGI Norge,CGI NORGE AS,https://www.cgi.com/no,norwegian,919562390,true,Oslo,,,,,,,,,,,352,2026-09-14,in-house,https://www.cgi.com/no,Delivery model recorded from the company's own description of how it staffs the work.,"IT services group whose security unit covers monitoring, cloud security and OT.",soc; cloud-security; ot-ics-security; penetration-testing; security-audit; identity-access-management,,1977-01-22,WM DATA AS; WM- DATA CONSULTING AS; WM-DATA AS; LOGICA NORGE AS,Registry history: WM DATA AS -> WM-DATA AS -> LOGICA NORGE AS -> CGI NORGE AS.,verified,2026-09-22,@whatsdd,"https://data.brreg.no/enhetsregisteret/api/enheter/919562390 (registry, 2026-09-22); https://ahmad.science/2025/05/06/50-selskaper-som-tilbyr-sikkerhetstesting-pentest-i-norge-2025-utgaven/ (seed-list, 2026-09-22); https://ahmad.science/2023/02/24/33-pentest-firma-i-norge-sikkerhetstesting-inntrengingstesting/ (seed-list, 2026-09-22); https://www.cgi.com/no (company-site, 2026-09-22)"
softwareone,SoftwareOne,SOFTWAREONE AS,https://www.crayon.no/,international,991124810,true,Oslo,,,,,,,,,,,339,2026-09-14,in-house,https://www.crayon.com/our-expertise/cloud-services/managed-security-posture/,"The security work is described as delivered by the company's own specialists and managed service, not resold.","Software and cloud services group; the Norwegian company trades as Crayon and sells cloud, identity and managed security services alongside software licensing.",cloud-security; identity-access-management; endpoint-security,,2007-03-29,CRAYON NORGE AS; CRAYON AS,"Reported to the list as Crayon. Crayon Group was acquired by SoftwareOne in July 2025 and the Norwegian company is now SOFTWAREONE AS, still publishing under the Crayon brand at crayon.no. The row is partial because SoftwareOne's own service pages sit behind a bot filter and the Crayon pages are frozen, so the Norwegian security service list comes from those frozen pages and the merger announcement rather than a current page.",partial,2026-09-22,@whatsdd,"https://www.softwareone.com/en/media-releases/2025/07/02/softwareone-successfully-completes-crayon-transaction (news, 2026-09-22); https://www.crayon.com/our-expertise/cloud-services/managed-security-posture/ (company-site, 2026-09-22); https://data.brreg.no/enhetsregisteret/api/enheter/991124810 (registry, 2026-09-22)"
computas,Computas,COMPUTAS AS,https://computas.com,norwegian,986352325,true,Oslo,,,,,,,,,,,325,2026-09-14,in-house,https://computas.com,,"Public-sector technology consultancy with security, privacy and compliance advisory.",security-audit; compliance; privacy-gdpr; security-architecture; risk-management,,2003-11-25,AS STARTSKUDDET 488; COMPUTAS CONSULTING AS; COMPUTAS SOLUTIONS AS,,verified,2026-09-22,@whatsdd,"https://computas.com (company-site, 2026-09-22); https://data.brreg.no/enhetsregisteret/api/enheter/986352325 (registry, 2026-09-22)"
accelerate-at-iver,Accelerate at Iver,IVER ACCELERATE PREPARE AS,https://accelerate.iver.no,norwegian,991319158,true,Oslo,,,,,,,250,https://accelerate.iver.no,stated as 250 specialists,2026-09-22,24,2026-07-15,in-house,https://accelerate.iver.no,Delivery model recorded from the company's own description of how it staffs the work.,"Iver's Norwegian security and cloud unit, from Azure security to compliance and testing.",cloud-security; soc; compliance; security-audit; identity-access-management; penetration-testing,,2007-05-24,AZTEK CONSULTING AS; AZTEK AS; AZTEK CLOUD PREPARE AS,"Listed in the 2025 edition as ""Aztek AS (now Accelerate at Iver)"". The registry rename history on this entity confirms AZTEK AS -> IVER ACCELERATE PREPARE AS.",verified,2026-09-22,@whatsdd,"https://data.brreg.no/enhetsregisteret/api/enheter/991319158 (registry, 2026-09-22); https://ahmad.science/2025/05/06/50-selskaper-som-tilbyr-sikkerhetstesting-pentest-i-norge-2025-utgaven/ (seed-list, 2026-09-22); https://ahmad.science/2023/02/24/33-pentest-firma-i-norge-sikkerhetstesting-inntrengingstesting/ (seed-list, 2026-09-22); https://accelerate.iver.no (company-site, 2026-09-22)"
miles,Miles,MILES AS,https://www.miles.no,norwegian,988340316,true,Oslo,,,,,,,,,,,248,2026-09-14,in-house,https://www.miles.no,,"Norwegian consultancy with security advisory, risk and cloud security services.",security-audit; compliance; risk-management; cloud-security; security-architecture,,2005-05-02,MILES IT AS,,verified,2026-09-22,@whatsdd,"https://www.miles.no (company-site, 2026-09-22); https://data.brreg.no/enhetsregisteret/api/enheter/988340316 (registry, 2026-09-22)"
itera,Itera,ITERA NORGE AS,https://www.itera.no,norwegian,967948748,true,Oslo,,,,,,,,,,,231,2026-09-14,in-house,https://www.itera.no,Delivery model recorded from the company's own description of how it staffs the work.,"Norwegian consultancy with security testing, cloud security and architecture work.",penetration-testing; vulnerability-assessment; cloud-security; security-audit; security-architecture; devsecops,,1993-11-16,NET WORKS AS; ITERA NETWORKS AS,Registry history: NET WORKS AS -> ITERA NETWORKS AS -> ITERA NORGE AS.,verified,2026-09-22,@whatsdd,"https://data.brreg.no/enhetsregisteret/api/enheter/967948748 (registry, 2026-09-22); https://ahmad.science/2025/05/06/50-selskaper-som-tilbyr-sikkerhetstesting-pentest-i-norge-2025-utgaven/ (seed-list, 2026-09-22); https://ahmad.science/2023/02/24/33-pentest-firma-i-norge-sikkerhetstesting-inntrengingstesting/ (seed-list, 2026-09-22); https://www.itera.no (company-site, 2026-09-22)"
norconsult-digital,Norconsult Digital,,https://norconsultdigital.no,norwegian,,true,Oslo,,,,,,,200,https://norconsultdigital.no,stated as over 200 employees,2026-09-22,,,in-house,https://norconsultdigital.no,,Public-sector IT house whose security consultants cover information security and audit.,security-audit; compliance; security-architecture; privacy-gdpr; risk-management,,,,Norconsult Digital is the IT company in the Norconsult group and states that it is an approved evaluation body with security-cleared consultants; the delivering entity needs confirming.,partial,2026-09-22,@whatsdd,"https://norconsultdigital.no (company-site, 2026-09-22)"
ikomm,Ikomm,IKOMM AS,https://www.ikomm.no,norwegian,991335846,true,Lillehammer,,,,,,,,,,,168,2026-09-14,mixed,https://www.ikomm.no,Runs its own security operations and has brought in Orange Cyberdefense expertise for part of its SOC delivery; recorded as mixed rather than pure in-house.,Innlandet IT and security house running a security operations centre for the public sector.,soc; incident-response; cloud-security; network-security; compliance; security-architecture,,2007-05-14,,,verified,2026-09-22,@whatsdd,"https://www.ikomm.no (company-site, 2026-09-22); https://www.orangecyberdefense.com/no/offering/managed-services/incident-response (news, 2026-09-22); https://data.brreg.no/enhetsregisteret/api/enheter/991335846 (registry, 2026-09-22)"
conscia-norge,Conscia Norge,CONSCIA NORGE AS,https://conscia.com/no/,nordic,998613353,true,Oslo,,,,,,,,,,,143,2026-08-12,in-house,https://conscia.com/no/,,"Nordic infrastructure and cyber security house: network security, SOC and hybrid cloud.",network-security; soc; incident-response; cloud-security; identity-access-management; security-audit,,2012-07-09,PUNDIT NETWORKS AS,,verified,2026-09-22,@whatsdd,"https://conscia.com/no/ (company-site, 2026-09-22); https://data.brreg.no/enhetsregisteret/api/enheter/998613353 (registry, 2026-09-22)"
dxc-norge,DXC Technology Norge,DXC TECHNOLOGY NORGE AS,https://dxc.com/no/en,international,958958455,true,Fyllingsdalen,,,,,,,,,,,130,2026-09-14,in-house,https://dxc.com/no/en,,Global services provider with managed security services delivered from Norway.,soc; incident-response; cloud-security; identity-access-management; compliance,,1990-10-01,POLICY MANAGEMENT SYSTEMS NORDEN AS; POLICY MANAGEMENT SYSTEMS CORPORATION AS; MYND AS; CSC SOLUTIONS NORGE AS; CSC NORGE AS,,verified,2026-09-22,@whatsdd,"https://dxc.com/no/en (company-site, 2026-09-22); https://data.brreg.no/enhetsregisteret/api/enheter/958958455 (registry, 2026-09-22)"
viljr,Viljr,VILJR AS,https://viljr.no/,norwegian,936273580,true,Oslo,,,,,,,,,,,124,2026-09-14,in-house,https://viljr.no/tjenester,"The company describes staffing engagements with its own advisers and specialists, assembled into a team on the client's side, rather than placing people from a partner network.","Advisory house for security and preparedness, digital transformation and major project delivery, naming cyber security as one of the disciplines it leads.",risk-management; crisis-management,,2025-09-15,,"Founded 2025-09-15 by four former Advansia leaders, including chief executive Rune Hjortdahl, previously director of digital at Advansia, and chaired by Christopher Klepsland, formerly head of Advansia and AFRY Norway. No security staff figure is published and none is recorded: the entity is registered as a building-technical consultancy (71.121) with work across construction, digitalisation and security, so its whole-payroll headcount is not a usable security figure and the column stays ??. The company also publishes a Trondheim office at Kongens gate 16; only the registered Oslo poststed is listed above, because the registry fields are refreshed from Enhetsregisteret.",partial,2026-09-22,@whatsdd,"https://viljr.no/tjenester (company-site, 2026-09-22); https://viljr.no/ (company-site, 2026-09-22); https://www.bygg.no/blir-en-del-av-ledelsen-i-viljr/2916265 (news, 2026-09-22); https://www.dn.no/bygg-og-anlegg/viljr/advansia/konsulenter/startet-konsulentutfordrer-hanket-inn-rundt-50-fra-forrige-arbeidsgiver/2-1-1936105 (news, 2026-09-22); https://data.brreg.no/enhetsregisteret/api/enheter/936273580 (registry, 2026-09-22)"
move,Move,MOVE AS,https://move.no,norwegian,957597076,true,Oslo,,,,,,,,,,,100,2026-09-14,in-house,https://move.no,,"Norwegian infrastructure consultancy with a practical, business-anchored security practice.",cloud-security; identity-access-management; network-security; compliance; security-architecture; penetration-testing,,1990-04-10,SYSTEM SENTERET AS; MOVE SYSTEMS AS,,verified,2026-09-22,@whatsdd,"https://move.no (company-site, 2026-09-22); https://data.brreg.no/enhetsregisteret/api/enheter/957597076 (registry, 2026-09-22)"
capra-consulting,Capra Consulting,CAPRA CONSULTING AS,https://www.capraconsulting.no,norwegian,988097039,true,Oslo,,,,,,,90,https://www.capraconsulting.no,"stated as ""90+ self-managed consultants""",2026-09-22,92,2026-09-14,in-house,https://www.capraconsulting.no,Delivery model recorded from the company's own description of how it staffs the work.,"Software consultancy whose security group does testing, cloud security and secure development.",penetration-testing; vulnerability-assessment; cloud-security; secure-development; devsecops; code-review,,2005-03-21,OPENDOOR TECHNOLOGY AS; ODC AS,Registry history: OPENDOOR TECHNOLOGY AS -> ODC AS -> CAPRA CONSULTING AS.,verified,2026-09-22,@whatsdd,"https://data.brreg.no/enhetsregisteret/api/enheter/988097039 (registry, 2026-09-22); https://ahmad.science/2025/05/06/50-selskaper-som-tilbyr-sikkerhetstesting-pentest-i-norge-2025-utgaven/ (seed-list, 2026-09-22); https://ahmad.science/2023/02/24/33-pentest-firma-i-norge-sikkerhetstesting-inntrengingstesting/ (seed-list, 2026-09-22); https://www.capraconsulting.no (company-site, 2026-09-22)"
proactima,Proactima,PROACTIMA AS,https://www.proactima.no,norwegian,915641938,true,Stavanger,,,,,,,,,,,81,2026-09-14,in-house,https://www.proactima.no,,"Risk and resilience consultancy working across security, crisis and NIS2 readiness.",risk-management; compliance; nis2-dora; tabletop-exercises; security-audit; vciso,,2015-06-22,NEW PROACTIMA AS,,verified,2026-09-22,@whatsdd,"https://www.proactima.no (company-site, 2026-09-22); https://data.brreg.no/enhetsregisteret/api/enheter/915641938 (registry, 2026-09-22)"
devoteam-norge,Devoteam Norge,DEVOTEAM AS,https://www.devoteam.com/no/,nordic,980172015,true,Oslo,,,,,,,,,,,75,2026-09-14,in-house,https://www.devoteam.com/no/,,"Consultancy with a cyber trust practice: cloud security, identity and compliance.",cloud-security; identity-access-management; compliance; security-audit; security-architecture,,1998-07-01,FORNEBU MANAGEMENT CONSULTING AS; FORNEBU CONSULTING AS; DEVOTEAM FORNEBU CONSULTING AS,,verified,2026-09-22,@whatsdd,"https://www.devoteam.com/no/ (company-site, 2026-09-22); https://data.brreg.no/enhetsregisteret/api/enheter/980172015 (registry, 2026-09-22)"
forvis-mazars,Forvis Mazars,FORVIS MAZARS AS,https://www.mazars.no,norwegian,979605994,true,Oslo,,,,,,,,,,,72,2026-09-14,in-house,https://www.mazars.no,,"Audit and advisory firm covering information security audits, risk and privacy.",security-audit; compliance; risk-management; privacy-gdpr,,1998-01-30,PANNELL KERR FORSTER REVISJON AS; PKF REVISJON AS; MAZARS REVISJON AS; MAZARS AS,,verified,2026-09-22,@whatsdd,"https://www.mazars.no (company-site, 2026-09-22); https://data.brreg.no/enhetsregisteret/api/enheter/979605994 (registry, 2026-09-22)"
kyndryl-norge,Kyndryl Norge,KYNDRYL NORWAY AS,https://www.kyndryl.com/no/en,international,926410350,true,Oslo,,,,,,,,,,,53,2026-09-14,in-house,https://www.kyndryl.com/no/en,,"Infrastructure services provider with managed security, resilience and incident response.",soc; incident-response; cloud-security; backup-recovery; security-audit; identity-access-management,,2021-01-01,NFH 210101 AS; IBM OCEAN NORWAY AS,,verified,2026-09-22,@whatsdd,"https://www.kyndryl.com/no/en (company-site, 2026-09-22); https://data.brreg.no/enhetsregisteret/api/enheter/926410350 (registry, 2026-09-22)"
blinq,blinQ,BLINQ AS,https://blinq.no/,norwegian,915902170,true,Oslo,,,,,,,,,,,45,2026-09-14,in-house,https://blinq.no/tjenester/,"The company sells its own consultants' work, organised as service lines under one house; no subcontracting or resale is described.","IT consultancy with a security and compliance line covering NIS2, DORA and the Norwegian digital security act, from policy and routines to technical measures.",nis2-dora; compliance; security-architecture,,2015-09-02,INCEPTUM 913 AS,"A broad IT house (Oslo, Bergen and Trondheim) with security as one service line among cloud, network and Microsoft 365 work, so no staff estimate is recorded; reported to the list as a cybersecurity company.",verified,2026-09-22,@whatsdd,"https://blinq.no/tjenester/ (company-site, 2026-09-22); https://blinq.no/blinq-er-iso-sertifisert-for-kvalitet-og-informasjonssikkerhet/ (company-site, 2026-09-22); https://data.brreg.no/enhetsregisteret/api/enheter/915902170 (registry, 2026-09-22)"
eprovider,eProvider,EPROVIDER AS,https://eprovider.no/,norwegian,921809220,true,Sandnes,,,,,,,,,,,17,2026-08-12,in-house,https://eprovider.no/tjenester/it-sikkerhet/,"The security services are described as run by the company's own operations centre and engineers, in Sandnes.","Sandnes IT house running a 24/7 security operations centre, active monitoring and email security for Norwegian businesses and industrial customers.",soc; incident-response; email-security; network-security,,2018-11-01,E-PROVIDER AS,"An IT operations and support house whose security line is a substantial, separately published part of the business; the registered industry code is data processing and hosting, not security only, so no staff estimate is recorded.",verified,2026-09-22,@whatsdd,"https://eprovider.no/tjenester/it-sikkerhet/ (company-site, 2026-09-22); https://data.brreg.no/enhetsregisteret/api/enheter/921809220 (registry, 2026-09-22)"
knowit-secure,Knowit Cybersecurity & Law,KNOWIT CYBERSECURITY & LAW AS,https://www.knowit.no,norwegian,913513657,true,Oslo,,,,,,,,,,,15,2026-07-15,in-house,https://www.knowit.no,Delivery model recorded from the company's own description of how it staffs the work.,"Knowit's security, privacy and technology-law unit: testing, governance and NIS2 work.",penetration-testing; security-audit; compliance; privacy-gdpr; nis2-dora; incident-response; security-architecture,,2014-04-11,FN7 ÅRGANG 2014 V AS; KNOWIT SECURE AS,"Listed as ""Knowit Secure AS"", but no entity with that name exists in the registry. Knowit's Norwegian business is spread across several entities (Knowit Insight AS, Knowit Impact AS, Knowit Solutions Norway AS), all registered in Oslo. Needs a community member to confirm which entity the security testing services sit in today. The pentest edition could not find an entity for this name; the business sits in Knowit Cybersecurity & Law AS, which the registry confirms.",verified,2026-09-22,@whatsdd,"https://ahmad.science/2025/05/06/50-selskaper-som-tilbyr-sikkerhetstesting-pentest-i-norge-2025-utgaven/ (seed-list, 2026-09-22); https://ahmad.science/2023/02/24/33-pentest-firma-i-norge-sikkerhetstesting-inntrengingstesting/ (seed-list, 2026-09-22); https://www.knowit.no (company-site, 2026-09-22); https://data.brreg.no/enhetsregisteret/api/enheter/913513657 (registry, 2026-09-22)"
northgrc,NorthGRC,NORTHGRC AS,https://www.northgrc.com/no/,norwegian,914575338,true,Oslo,,,,,,,,,,,5,2026-08-11,in-house,https://www.northgrc.com/no/,,"Governance, risk and compliance house: ISO 27001, NIS2, DORA and GDPR readiness.",compliance; risk-management; nis2-dora; privacy-gdpr; vciso; security-audit,,2014-11-01,NEUPART AS,,verified,2026-09-22,@whatsdd,"https://www.northgrc.com/no/ (company-site, 2026-09-22); https://data.brreg.no/enhetsregisteret/api/enheter/914575338 (registry, 2026-09-22)"
racom,Racom,RACOM AS,https://www.racom.no,norwegian,954537900,true,Oslo,,,,,,,,,,,5,2026-08-12,in-house,https://www.racom.no,Recorded from the company's own description of how it staffs the work.,High-security systems integrator for crisis management and secure communications.,security-architecture; physical-security; network-security; compliance,,1989-06-15,,"Added in the wider cybersecurity pass; the security practice is checked against the company's own service pages, so some capability tags may need confirming.",partial,2026-09-22,@whatsdd,"https://www.racom.no (company-site, 2026-09-22); https://data.brreg.no/enhetsregisteret/api/enheter/954537900 (registry, 2026-09-22)"
arctic-wolf,Arctic Wolf,"ARCTIC WOLF NETWORKS, INC.",https://arcticwolf.com,international,929507282,true,Oslo,,,,,,,,,,,,,in-house,https://arcticwolf.com,,Managed detection and response provider selling to Norwegian insurers and enterprises.,soc; incident-response; threat-hunting; threat-intelligence,,,,US company with a registered Norwegian branch (NUF) in Oslo; the delivery centre is not in Norway.,verified,2026-09-22,@whatsdd,"https://data.brreg.no/enhetsregisteret/api/enheter/929507282 (registry, 2026-09-22); https://arcticwolf.com (company-site, 2026-09-22)"
bouvet,Bouvet,BOUVET ASA,https://www.bouvet.no,norwegian,974442167,true,Oslo,,,,,,,,,,,,,in-house,https://www.bouvet.no,,"Norwegian technology consultancy with security architecture, testing and secure development.",security-architecture; application-security; penetration-testing; cloud-security; devsecops; secure-development,,1995-05-03,NEW MEDIA SCIENCE MULTIMEDIA AS; NEW MEDIA SCIENCE MULTIMEDIA ASA; NEW MEDIA SCIENCE ASA; CELL NETWORK ASA; CELL NETWORK AS; RONDE AS; BOUVET AS,,verified,2026-09-22,@whatsdd,"https://www.bouvet.no (company-site, 2026-09-22); https://data.brreg.no/enhetsregisteret/api/enheter/974442167 (registry, 2026-09-22)"
cyberon-security,Cyberon Security,CYBERON SECURITY AS,https://www.cyberonsecurity.no,norwegian,914235014,true,Oslo,,,,,,,,,,,,2026-02-11,in-house,https://www.cyberonsecurity.no,,"Norwegian-owned security provider for IT partners and mid-sized companies: pentest, SOC and endpoint work.",penetration-testing; soc; incident-response; endpoint-security; email-security; awareness-training; identity-access-management,,2014-09-03,,,verified,2026-09-22,@whatsdd,"https://www.cyberonsecurity.no (company-site, 2026-09-22); https://data.brreg.no/enhetsregisteret/api/enheter/914235014 (registry, 2026-09-22)"
devtec-norway,Devtec Norway,DEVTEC NORWAY AS,https://www.devtec.no/,norwegian,920015042,true,Moss,,,,,,,,,,,,2025-04-12,in-house,https://www.devtec.no/,The company describes itself as a consultancy and software house doing the identity work with its own people.,Consultancy and software house specialising in identity and access management.,identity-access-management,,2017-11-13,NORDIC IDENTITY SOLUTIONS AS,"The site is a single-page application whose pages could not be read beyond the published description and page title, so the row is partial: the identity and access management specialisation is confirmed, a fuller service list and any staff figure are not. Reported to the list as a cybersecurity company.",partial,2026-09-22,@whatsdd,"https://www.devtec.no/ (company-site, 2026-09-22); https://data.brreg.no/enhetsregisteret/api/enheter/920015042 (registry, 2026-09-22)"
easywave,Easywave,EASYWAVE AS,https://easywave.io,norwegian,930800880,true,Moss,,,,,,,,,,,,2024-12-11,in-house,https://easywave.io,Recorded from the company's own description of how it staffs the work.,Norwegian IT security provider for small and mid-sized businesses.,endpoint-security; email-security; network-security; awareness-training; backup-recovery,,2023-01-17,,"Added in the wider cybersecurity pass; the security practice is checked against the company's own service pages, so some capability tags may need confirming.",partial,2026-09-22,@whatsdd,"https://easywave.io (company-site, 2026-09-22); https://data.brreg.no/enhetsregisteret/api/enheter/930800880 (registry, 2026-09-22)"
encripto,Encripto,ENCRIPTO AS,https://www.encripto.no,norwegian,996240630,true,Gressvik,,,,,,,,,,,,2026-09-14,in-house,https://www.encripto.no,Delivery model recorded from the company's own description of how it staffs the work.,"Specialist testing house: penetration testing, red teaming and cryptography reviews.",penetration-testing; red-teaming; vulnerability-assessment; application-security; crypto-blockchain-audit,,2010-11-25,,,verified,2026-09-22,@whatsdd,"https://data.brreg.no/enhetsregisteret/api/enheter/996240630 (registry, 2026-09-22); https://ahmad.science/2025/05/06/50-selskaper-som-tilbyr-sikkerhetstesting-pentest-i-norge-2025-utgaven/ (seed-list, 2026-09-22); https://ahmad.science/2023/02/24/33-pentest-firma-i-norge-sikkerhetstesting-inntrengingstesting/ (seed-list, 2026-09-22); https://www.encripto.no (company-site, 2026-09-22)"
konfitech,Konfitech,KONFITECH AS,https://www.konfitech.com,norwegian,933170535,true,Oslo,,,,,,,,,,,,2026-09-14,in-house,https://www.konfitech.com,Delivery model recorded from the company's own description of how it staffs the work.,Small Oslo consultancy offering security assessments and advisory.,security-audit; vulnerability-assessment; compliance; risk-management,,2024-02-09,,,verified,2026-09-22,@whatsdd,"https://data.brreg.no/enhetsregisteret/api/enheter/933170535 (registry, 2026-09-22); https://ahmad.science/2025/05/06/50-selskaper-som-tilbyr-sikkerhetstesting-pentest-i-norge-2025-utgaven/ (seed-list, 2026-09-22); https://ahmad.science/2023/02/24/33-pentest-firma-i-norge-sikkerhetstesting-inntrengingstesting/ (seed-list, 2026-09-22); https://www.konfitech.com (company-site, 2026-09-22)"
kovert,Kovert,KOVERT AS,,norwegian,925894249,true,Vikersund,,,,,,,,,,,,,,,,Small Norwegian security company; services not published.,security-audit; compliance,,2020-10-20,,,verified,2026-09-22,@whatsdd,"https://data.brreg.no/enhetsregisteret/api/enheter/925894249 (registry, 2026-09-22); https://ahmad.science/2025/05/06/50-selskaper-som-tilbyr-sikkerhetstesting-pentest-i-norge-2025-utgaven/ (seed-list, 2026-09-22); https://ahmad.science/2023/02/24/33-pentest-firma-i-norge-sikkerhetstesting-inntrengingstesting/ (seed-list, 2026-09-22)"
mily,Mily,MILY SCIENTIFIC AS,https://mily.no,norwegian,926289055,true,Oslo,,,,,,,,,,,,,,,,Small Oslo security company; services not published.,security-audit; compliance,,2020-10-19,PETER NICOLAISEN HOLDING AS,"Registry entity MILY SCIENTIFIC AS, Oslo (formerly PETER NICOLAISEN HOLDING AS). The company website was rate-limited during verification, so the service list needs confirming.",partial,2026-09-22,@whatsdd,"https://data.brreg.no/enhetsregisteret/api/enheter/926289055 (registry, 2026-09-22); https://ahmad.science/2025/05/06/50-selskaper-som-tilbyr-sikkerhetstesting-pentest-i-norge-2025-utgaven/ (seed-list, 2026-09-22); https://ahmad.science/2023/02/24/33-pentest-firma-i-norge-sikkerhetstesting-inntrengingstesting/ (seed-list, 2026-09-22); https://mily.no (company-site, 2026-09-22)"
spade-consulting,SPADE Consulting,,https://spadeconsulting.no,norwegian,,true,Bodø,,,,,,,,,,,,,in-house,https://spadeconsulting.no,,"Northern Norway security and privacy consultancy: NIS2, GDPR and AI governance.",compliance; privacy-gdpr; nis2-dora; security-audit; vciso; awareness-training,,,,"Small specialist consultancy based in Bodo; no Norwegian company registration was matched with confidence, so the row carries the company's own site as its source.",partial,2026-09-22,@whatsdd,"https://spadeconsulting.no (company-site, 2026-09-22)"
storm-it-sikkerhet,Storm IT Sikkerhet,STORM IT SIKKERHET AS,https://www.stormitsikkerhet.no/,norwegian,935794315,true,Gjøvik,,,,,,,,,,,,2026-04-13,in-house,https://www.stormitsikkerhet.no/,A one-office consultancy selling its own advisers' time; the site names the adviser and his certifications.,"Gjøvik consultancy giving small and mid-sized businesses IT security advice, ISO 27001 based maturity work, risk assessments and vulnerability discovery.",risk-management; compliance; vulnerability-assessment; security-training,,2025-06-22,,"A new and very small company: the registry has no employee figure and directory listings put it at one to four people, so the in-house security staff column stays ??. Its registered purpose covers IT work as well as IT security, which would rule out a guarded estimate even if a headcount existed.",verified,2026-09-22,@whatsdd,"https://www.stormitsikkerhet.no/ (company-site, 2026-09-22); https://data.brreg.no/enhetsregisteret/api/enheter/935794315 (registry, 2026-09-22)"
sun-security,Sun Security,SUN SECURITY AS,https://www.sunsecurity.no,norwegian,929371585,true,Oslo,,,,,,,,,,,,2024-11-16,in-house,https://www.sunsecurity.no,,"Architecture and assessment specialist: system design, risk assessment and security audit.",security-architecture; risk-management; security-audit; vulnerability-assessment; compliance,,2022-05-04,ISACHSEN HOLDING AS,,verified,2026-09-22,@whatsdd,"https://www.sunsecurity.no (company-site, 2026-09-22); https://data.brreg.no/enhetsregisteret/api/enheter/929371585 (registry, 2026-09-22)"
banshie,Truesec,TRUESEC NORWAY AS,https://www.truesec.com,nordic,930577294,true,Oslo,,,,,,,,,,,,,in-house,https://www.truesec.com,Delivery model recorded from the company's own description of how it staffs the work.,"Swedish security house whose Norwegian arm covers testing, incident response and MDR.",penetration-testing; red-teaming; incident-response; soc; threat-intelligence; digital-forensics; ot-ics-security; security-training,,2022-12-14,ATHOMSTART INVEST 791 AS,"Truesec, a Nordic cybersecurity company, acquired Banshie in June 2025. Banshie was a Danish specialist in penetration testing, red teaming and ethical hacking, so it is listed as Nordic rather than Norwegian. The Norwegian presence is now Truesec Norway AS (org.nr 930577294, Oslo); that entity is the acquirer, so its founding date is not Banshie's.",verified,2026-09-22,@whatsdd,"https://ahmad.science/2025/05/06/50-selskaper-som-tilbyr-sikkerhetstesting-pentest-i-norge-2025-utgaven/ (seed-list, 2026-09-22); https://ahmad.science/2023/02/24/33-pentest-firma-i-norge-sikkerhetstesting-inntrengingstesting/ (seed-list, 2026-09-22); https://www.truesec.com (company-site, 2026-09-22); https://www.truesec.com/who-we-are (news, 2026-09-22); https://www.mainsights.io/ma-news/ik-partners-backed-truesec-acquires-danish-cybersecurity-firm-banshie (news, 2026-09-22); https://data.brreg.no/enhetsregisteret/api/enheter/930577294 (registry, 2026-09-22)"
synack,Synack,,https://www.synack.com,international,,false,,1500,crowd-platform,,,https://www.synack.com,"The Synack Red Team is a crowd of 1,500+ contracted security researchers, not employees",,,,,,,partner-network,https://www.synack.com,The company's own materials describe work being resold or subcontracted rather than staffed from its own payroll.,Crowdsourced penetration testing platform drawing on a large vetted researcher pool.,penetration-testing; red-teaming; crowdsourced-testing; vulnerability-assessment; attack-surface-management,,,,No Norwegian entity registered; serves Norwegian customers remotely.,verified,2026-09-22,@whatsdd,"https://ahmad.science/2025/05/06/50-selskaper-som-tilbyr-sikkerhetstesting-pentest-i-norge-2025-utgaven/ (seed-list, 2026-09-22); https://ahmad.science/2023/02/24/33-pentest-firma-i-norge-sikkerhetstesting-inntrengingstesting/ (seed-list, 2026-09-22); https://www.synack.com (company-site, 2026-09-22)"
breachlock,BreachLock,,https://www.breachlock.com,international,,false,,,,,,,,,,,,,,in-house,https://www.breachlock.com,Delivery model recorded from the company's own description of how it staffs the work.,Penetration testing as a service with a platform-backed delivery model.,penetration-testing; vulnerability-assessment; attack-surface-management,,,,No Norwegian entity registered; serves Norwegian customers remotely.,verified,2026-09-22,@whatsdd,"https://ahmad.science/2025/05/06/50-selskaper-som-tilbyr-sikkerhetstesting-pentest-i-norge-2025-utgaven/ (seed-list, 2026-09-22); https://ahmad.science/2023/02/24/33-pentest-firma-i-norge-sikkerhetstesting-inntrengingstesting/ (seed-list, 2026-09-22); https://www.breachlock.com (company-site, 2026-09-22)"
bugcrowd,Bugcrowd,,https://www.bugcrowd.com,international,,false,,,,,,,,,,,,,,partner-network,https://www.bugcrowd.com,The company's own materials describe work being resold or subcontracted rather than staffed from its own payroll.,"Crowdsourced security platform: bug bounty, pentest and attack surface management.",bug-bounty-platform; crowdsourced-testing; penetration-testing; attack-surface-management; vulnerability-assessment,,,,No Norwegian entity registered; serves Norwegian customers remotely.,verified,2026-09-22,@whatsdd,"https://ahmad.science/2025/05/06/50-selskaper-som-tilbyr-sikkerhetstesting-pentest-i-norge-2025-utgaven/ (seed-list, 2026-09-22); https://ahmad.science/2023/02/24/33-pentest-firma-i-norge-sikkerhetstesting-inntrengingstesting/ (seed-list, 2026-09-22); https://www.bugcrowd.com (company-site, 2026-09-22)"
cobalt,Cobalt,,https://www.cobalt.io,international,,false,,,,,,,,,,,,,,partner-network,https://www.cobalt.io,The company's own materials describe work being resold or subcontracted rather than staffed from its own payroll.,Pentest as a service platform with a vetted tester pool and orchestration.,penetration-testing; red-teaming; crowdsourced-testing; vulnerability-assessment; automated-pentesting,ISO 27001,,,"Cobalt (cobalt.io) is a crowdsourced pentest platform with no Norwegian entity. Note that an unrelated Norwegian company, COBALT AS (org.nr 924359005, Oslo), shares the name and must not be confused with it.",verified,2026-09-22,@whatsdd,"https://ahmad.science/2025/05/06/50-selskaper-som-tilbyr-sikkerhetstesting-pentest-i-norge-2025-utgaven/ (seed-list, 2026-09-22); https://ahmad.science/2023/02/24/33-pentest-firma-i-norge-sikkerhetstesting-inntrengingstesting/ (seed-list, 2026-09-22); https://www.cobalt.io (company-site, 2026-09-22)"
hackerone,HackerOne,,https://www.hackerone.com,international,,false,,,,,,,,,,,,,,partner-network,https://www.hackerone.com,The company's own materials describe work being resold or subcontracted rather than staffed from its own payroll.,Bug bounty and vulnerability disclosure platform with a global researcher community.,bug-bounty-platform; crowdsourced-testing; vulnerability-assessment; attack-surface-management,,,,No Norwegian entity registered; serves Norwegian customers remotely.,verified,2026-09-22,@whatsdd,"https://ahmad.science/2025/05/06/50-selskaper-som-tilbyr-sikkerhetstesting-pentest-i-norge-2025-utgaven/ (seed-list, 2026-09-22); https://ahmad.science/2023/02/24/33-pentest-firma-i-norge-sikkerhetstesting-inntrengingstesting/ (seed-list, 2026-09-22); https://www.hackerone.com (company-site, 2026-09-22)"
ncc-group,NCC Group,,https://www.nccgroup.com,international,,false,,,,,,,,,,,,,,in-house,https://www.nccgroup.com,Recorded from the company's own description of how it staffs the work.,Global assurance and testing group used by Norwegian buyers for penetration testing and audits.,penetration-testing; red-teaming; vulnerability-assessment; security-audit; incident-response; crypto-blockchain-audit; security-training,,,,No Norwegian entity was found; the group serves Norwegian customers from its UK and Nordic offices. The pentest editions listed it among the international providers.,partial,2026-09-22,@whatsdd,"https://www.nccgroup.com (company-site, 2026-09-22)"
